name,rank
Nicola,0
Karen,1
Fiona,2
Susan,3
Claire,4
Sharon,5
Angela,6
Gillian,7
Julie,8
Michelle,9
Jacqueline,10
Amanda,11
Tracy,12
Louise,13
Jennifer,14
Alison,15
Sarah,16
Donna,17
Caroline,18
Elaine,19
Lynn,20
Margaret,21
Elizabeth,22
Lesley,23
Deborah,24
Pauline,25
Lorraine,26
Laura,27
Lisa,28
Tracey,29
Carol,30
Linda,31
Lorna,32
Catherine,33
Wendy,34
Lynne,35
Yvonne,36
Pamela,37
Kirsty,38
Jane,39
Emma,40
Joanne,41
Heather,42
Suzanne,43
Anne,44
Diane,45
Helen,46
Victoria,47
Dawn,48
Mary,49
Samantha,50
Marie,51
Kerry,52
Ann,53
Hazel,54
Christine,55
Gail,56
Andrea,57
Clare,58
Sandra,59
Shona,60
Kathleen,61
Paula,62
Shirley,63
Denise,64
Melanie,65
Patricia,66
Audrey,67
Ruth,68
Jill,69
Lee,70
Leigh,71
Catriona,72
Rachel,73
Morag,74
Kirsten,75
Kirsteen,76
Katrina,77
Joanna,78
Lynsey,79
Cheryl,80
Debbie,81
Maureen,82
Janet,83
Aileen,84
Arlene,85
Zoe,86
Lindsay,87
Stephanie,88
Judith,89
Mandy,90
Jillian,91
Mhairi,92
Barbara,93
Carolyn,94
Gayle,95
Maria,96
Valerie,97
Christina,98
Marion,99
Kelly,100
Allison,101
Kim,102
Anna,103
Rebecca,104
Katherine,105
Leanne,106
Natalie,107
Kathryn,108
Ashley,109
Frances,110
Lucy,111
Vicky,112
Stacey,113
Amy,114
Carrie,115
Lyndsey,116
Lindsey,117
Sara,118
Lyndsay,119
Charlene,120
Linsey,121
Shelley,122
Gemma,123
Lauren,124
Kimberley,125
Danielle,126
Natasha,127
Eilidh,128
Hayley,129
Melissa,130
Alana,131
Adele,132
Hannah,133
Siobhan,134
Jenna,135
Katie,136
Nicole,137
Rachael,138
Stacy,139
Holly,140
Ashleigh,141
Jade,142
Kayleigh,143
Nikki,144
Jemma,145
Megan,146
Charlotte,147
Emily,148
Kylie,149
Linzi,150
Kimberly,151
Carly,152
Erin,153
Robyn,154
Chloe,155
Jodie,156
Michaela,157
Sophie,158
Jessica,159
Sinead,160
Caitlin,161
Kerri,162
Alexandra,163
Aimee,164
Chelsea,165
Kirstie,166
Shannon,167
Naomi,168
Cara,169
Demi,170
Jordan,171
Alice,172
Nicolle,173
Rebekah,174
Hollie,175
Amber,176
Bethany,177
Toni,178
Olivia,179
Taylor,180
Chantelle,181
Beth,182
Paige,183
Courtney,184
Abigail,185
Iona,186
Abbie,187
Kate,188
Morgan,189
Molly,190
Leah,191
Georgia,192
Ellen,193
Isla,194
Ellie,195
Niamh,196
Kelsey,197
Rhiannon,198
Caitlyn,199
Carla,200
Eve,201
Kaitlin,202
Ciara,203
Meghan,204
Abby,205
Kaitlyn,206
Lauryn,207
Brooke,208
Grace,209
Ailsa,210
Jasmine,211
Morven,212
Cerys,213
Skye,214
Kiera,215
Casey,216
Eva,217
Mia,218
Kara,219
Freya,220
Rosie,221
Zara,222
Kayla,223
Alex,224
Alicia,225
Charlie,226
Elle,227
Lara,228
Ella,229
Eleanor,230
Millie,231
Lily,232
Orla,233
Daisy,234
Ava,235
Elise,236
Keira,237
Neve,238
Madison,239
Abi,240
Abbi,241
Evie,242
Ruby,243
Alisha,244
Amelia,245
Alyssa,246
Poppy,247
Mya,248
Isabella,249
Maisie,250
Maya,251
Summer,252
Sophia,253
Imogen,254
Julia,255
Charley,256
Layla,257
Libby,258
Lexi,259
Amelie,260
Nieve,261
Faith,262
Phoebe,263
Lexie,264
Lucie,265
Sienna,266
Gracie,267
Miley,268
Rowan,269
Sofia,270
Lacey,271
Lilly,272
Rose,273
Emilia,274
Lola,275
Mollie,276
Laila,277
Mirren,278
Alexis,279
Ayla,280
Darcy,281
Bella,282
Willow,283
Lois,284
Scarlett,285
Mila,286
Aria,287
Esme,288
Harper,289
Heidi,290
Ivy,291
Lena,292
Arianna,293
Matilda,294
Thea,295
Elsie,296
Hope,297
Ariana,298
Georgie,299
Sadie,300
Quinn,301
Florence,302
Lillie,303
Violet,304
Hanna,305
Arya,306
Harley,307
Hallie,308
Luna,309
Callie,310
Penelope,311
Nina,312
Aurora,313
Clara,314
Cora,315
Ada,316
Bonnie,317
Piper,318
Aila,319
Eden,320
Myla,321
Evelyn,322
Nova,323
Aoife,324
Lottie,325
Lyla,326
Remi,327
Alba,328
Maeve,329
Ayda,330
Indie,331
Rosa,332
Autumn,333
Arabella,334
